Label,Total Cost,Total Unmet (MW),MAE,RMSE,MAPE
fault,518880.0,601558.5781999998,1089.7800329710144,1092.0991869514833,91.56488755885255
