Label,Total Cost,Total Unmet (MW),MAE,RMSE,MAPE
renewables,518880.0,576023.7024154214,1043.5212000279373,1046.1657962510515,87.65687183138544
