Label,Total Cost,Total Unmet (MW),MAE,RMSE,MAPE
peak,518880.0,630298.3834500001,1141.8448975543477,1152.6943524773724,91.83175144828999
