Label,Total Cost,Total Unmet (MW),MAE,RMSE,MAPE
drop,518880.0,578628.1875799999,1048.239470253623,1052.5059779294627,91.23041085448595
