Model,MAE,RMSE,MAPE
LSTM,17.07930668485337,21.449693455662292,1.4380754065303916
Naive,27.316485507246373,34.72367191563052,2.297748499983987
Linear,18.776914897382444,24.432570214234794,1.5825588403365516
