Total Cost,Total Unmet Load (MW),MAE (MW),RMSE (MW),MAPE (%)
13253700,0,0.502368491960497,0.5793694072284041,1.1314496478563818
