Total Cost,Total Unmet Load (MW),MAE (MW),RMSE (MW),MAPE (%)
6692,0,0.4765503333333328,0.581480806365882,1.29203997617761
