Total Cost,Total Unmet Load (MW),MAE (MW),RMSE (MW),MAPE (%)
7840,0,5.643217,6.43081814480127,16.870232574671693
