year,MAE,RMSE,MAPE
2014,17.561296739130437,22.350854787838184,1.4774975515283089
