month,MAE,RMSE,MAPE
11,36.87213333333336,40.60778642617902,3.036634372695028
12,16.68353143939394,21.14979476125166,1.4066276960207307
